PRICE,BEDS,BATHS,SQUARE FEET,LOT SIZE,YEAR BUILT,DAYS ON MARKET,$/SQUARE FEET
325000,3,2,1867,10454,1991,1,174
544900,4,3,2397,11326,2002,1,227
995000,4,3.5,3092,48787,1951,1,322
395000,4,2,1886,10890,1962,2,209
300000,3,2,1262,4356,2015,3,238
589500,4,3,2364,19166,1997,3,249
549000,3,3,2234,12197,2007,3,246
459900,4,2,1702,6098,2026,4,270
382000,4,2,1943,9583,1990,4,197
439000,3,2,1724,5663,2001,4,255
450000,3,1,1440,29185,1920,4,313
389070,4,2,1774,5662,2026,4,219
499000,4,2,1627,7841,1927,4,307
440000,4,3,2061,10019,1997,5,213
465000,3,2,2012,5227,1998,5,231
395000,3,2,1675,10454,1978,5,236
409900,4,2,2030,21780,1966,6,202
949900,5,3.5,4154,90605,2002,6,229
359000,4,3,2214,10018,1971,6,162
525000,2,2.5,1814,217800,1976,6,289
539900,3,2.5,3261,348480,1987,6,166
945000,4,4,2625,6969,2026,6,360
279900,3,2,1158,11326,1980,6,242
865000,4,3,2197,13068,2021,6,394
405000,3,2,2143,16117,1975,7,189
465000,4,2,2235,9147,1994,7,208
375000,3,2,1658,19602,1977,7,226
474900,4,2,1992,20038,1991,7,238
255000,3,2,1764,10454,1965,7,145
379000,3,2,1531,34412,1983,9,248
414950,3,2,1872,5663,2012,9,222
269900,3,2,1543,10018,1962,9,175
299000,3,2,1839,11326,1978,9,163
369900,3,2,1338,21780,1979,10,276
342000,3,2,1712,5663,1995,10,200
299900,2,2,1272,6534,2021,11,236
279900,2,2,960,4356,1983,11,292
424900,3,2,1767,8368,2017,11,240
426070,5,3,2516,4792,2026,11,169
267000,3,2,1742,10454,1976,11,153
389070,4,2,1774,5662,2026,11,219
399900,4,2,1857,10454,1998,11,215
260000,3,2,1528,11326,1964,11,170
389900,3,2,1714,10019,2004,11,227
399000,4,3,2646,10890,1961,12,151
360000,4,2,1835,14375,1972,12,196
359500,3,2,1507,6464,2019,12,239
930000,4,3,3118,10890,2025,12,298
369900,3,2,1601,7405,1990,12,231
297000,3,2,1220,13504,1980,12,243
265000,4,3,1806,1307,1982,13,147
525000,4,3,2200,25700,1955,13,239
309900,3,2,1548,7405,1986,13,200
469000,4,2.5,2315,12197,1989,13,203
440000,4,2.5,2628,13068,1968,13,167
299900,3,2,1820,12197,1970,14,165
459900,4,2,2218,12632,1994,14,207
355000,3,2,1503,11761,1965,14,236
388000,4,3,2274,6970,2005,14,171
389900,3,2,1670,7841,1997,15,233
300000,3,2,1659,43996,1979,16,181
269000,3,1,1295,10890,1959,16,208
269900,3,2,1155,4356,2016,17,234
949000,4,2,1530,7405,1947,17,620
265900,3,1,940,52707,1970,17,283
625000,4,2,2191,20909,2001,17,285
539900,4,3,2554,16553,1995,18,211
924900,5,4,3470,18295,2001,18,267
349900,3,2,2068,19166,1978,18,169
399900,3,2,1369,13939,1955,18,292
310000,3,2,1827,12632,1959,18,170
330000,3,2,1574,7405,1998,18,210
290000,3,2,1433,4496,2016,19,202
289900,3,2,1340,15246,1962,19,216
835000,5,3.5,2797,19166,1992,19,299
349000,3,2,1492,8712,1992,19,234
449900,4,2,2015,10454,1991,20,223
387900,3,2,1696,23958,1975,20,229
419000,4,2.5,2164,14810,1966,22,194
325000,3,2,1545,2613,2005,22,210
739000,4,4,2988,135036,1948,23,247
309999,3,2,1321,4791,2004,23,235
345000,3,2,1582,10019,1960,24,218
330000,3,2,1942,8712,1990,24,170
339000,3,2,1759,7405,2005,24,193
335000,3,2,1402,6098,2010,24,239
899000,3,3,2328,16117,1940,24,386
535000,4,2.5,2566,20473,1988,24,208
429900,4,3,2173,6970,2014,24,198
639950,4,2.5,2444,75359,1976,24,262
295900,3,2,1430,9148,1977,25,207
419900,4,2.5,2176,14374,1973,25,193
525500,4,3,2026,20038,1945,25,259
269900,3,1,1193,11761,1959,25,226
340000,3,2,2033,13939,1959,25,167
750000,5,3,2747,8712,1999,25,273
399500,4,3,1707,10713,1990,25,234
599000,4,2.5,2046,307534,1973,25,293
386590,4,2,1792,13068,1965,25,216
250000,4,2,1631,10019,1963,25,153
750000,3,2,2346,6250,2021,26,320
550000,5,4,3042,8712,2010,26,181
725000,4,3.5,3938,46174,1969,26,184
535000,4,3,2477,10454,2004,27,216
479900,3,2,2368,9147,1994,27,203
445000,3,2,1872,10454,2014,27,238
499000,4,3,2600,47480,1980,27,192
909000,4,3.5,2597,6970,2026,27,350
429900,4,3,1866,43560,2005,27,230
429900,4,3,2151,6100,2026,28,200
339900,3,2,1756,8712,1995,28,194
449756,3,2,2149,11326,1984,30,209
325000,3,2,1767,10019,1981,30,184
790000,3,2.5,2289,47480,1956,30,345
615000,6,4.5,4867,20909,1980,31,126
335000,3,2,1291,6750,1989,31,259
389999,3,2,1608,10019,1994,31,243
325000,3,2,1685,13939,1979,32,193
489000,3,2,2096,14810,2010,32,233
525000,4,3,2397,14810,2006,32,219
634900,4,3,3496,16988,1995,32,182
465000,4,3,1920,6098,2021,32,242
290000,3,2,1275,10018,1974,33,227
740000,4,3.5,2662,19602,1995,33,278
375000,4,2,1834,7405,2002,33,204
925000,5,4,3068,30056,1927,33,301
619300,3,3,2509,49223,1987,34,247
260000,3,1,1104,10019,1960,34,236
260000,2,2,1229,9583,1979,34,212
369900,4,2.5,2202,24394,1980,34,168
374900,4,3,1530,8712,1986,34,245
275000,4,2,1500,27007,1970,35,183
549900,4,3,2059,8276,2024,35,267
317000,4,2,1660,10019,1959,35,191
365000,4,2,1936,15682,1972,36,189
300000,3,2,1453,10890,1972,37,206
419900,3,2.5,2137,23087,1959,37,196
474000,4,2.5,2063,9583,1993,38,230
389000,3,2,1800,4792,2023,38,216
489990,4,3,2637,8276,2005,39,186
295000,3,2,1608,13504,1979,39,183
426700,3,2.5,1979,3049,2007,39,216
624900,5,3,2754,54450,1974,40,227
437070,5,3,2516,5662,2026,41,174
269000,2,2,1148,5662,1998,41,234
419900,3,2,2174,8712,1996,41,193
319999,3,2,1500,15682,2025,42,213
284900,3,2,1552,11761,1999,42,184
759900,4,3.5,2650,6534,2025,42,287
262000,3,2,1379,9148,1981,43,190
575000,4,2.5,2915,26572,1974,43,197
300000,3,2,1455,3485,2013,44,206
429900,4,2,2000,43560,2005,44,215
325000,3,2,1288,8276,2002,46,252
415000,4,2,1949,15246,1974,46,213
360000,3,2,1367,47916,2005,46,263
625000,4,3.5,4183,23958,1964,46,149
339000,3,2,1637,8276,2005,46,207
273000,3,2,1350,7841,2001,46,202
273900,2,2,1207,2614,2005,46,227
810000,4,2.5,2097,27007,1938,47,386
299900,3,2,1358,14375,1970,47,221
299000,4,2,2217,9990,1960,47,135
759000,4,3,2644,10019,2017,48,287
325000,3,2,1195,3485,1998,49,272
475000,2,1,1261,10001,1945,49,377
340000,3,2,1423,10890,1956,49,239
325000,5,3,1640,10454,1958,49,198
610000,4,3,2263,12197,2009,49,270
427900,4,2,1960,22216,1967,49,218
625000,6,3,1894,10454,1950,50,330
499900,5,2.5,2399,19602,1996,51,208
578880,4,2.5,2412,5227,2002,52,240
343000,4,2,1781,10019,2000,52,193
354000,3,2,1510,6970,2009,52,234
410000,3,2,1968,9583,1992,53,208
375000,3,2,876,5227,1930,53,428
385000,4,3,2357,10019,1999,53,163
435000,4,2,2122,10454,1988,53,205
379900,4,2,1898,6534,2012,53,200
419900,5,2.5,2112,7405,2011,53,199
449900,4,3,2166,17859,1978,54,208
350000,3,2,1668,9583,1995,54,210
319900,3,2,1559,8712,1986,54,205
699000,3,2,2127,27878,1934,55,329
985000,5,4.5,3890,28314,1998,56,253
875000,5,4,3414,23087,1992,56,256
259900,3,2,1220,7841,1999,56,213
365000,3,2,1407,16988,1953,59,259
444990,4,3,2662,6098,2026,59,167
675000,3,2,2001,42689,1962,59,337
450000,3,2,1508,15682,2002,61,298
424000,4,3.5,2553,5663,2011,61,166
599000,3,2,1976,8451,2019,62,303
470000,3,2.5,2196,4356,1997,63,214
275000,3,2,1292,4356,2004,64,213
314900,4,2,1750,10890,1971,65,180
379000,3,2.5,1868,2614,2022,65,203
525000,4,2,2292,21344,1986,65,229
326900,3,2,1536,4356,2005,65,213
914550,4,3.5,2613,6969,2026,66,350
895000,8,2.5,3775,13939,1959,66,237
500000,5,3,2450,14810,2003,67,204
390000,3,2,1714,3485,2021,67,228
325000,4,2,1584,13939,1962,67,205
975000,5,3.5,3853,29621,2005,67,253
350000,2,2,1858,15682,1980,67,188
799000,6,4,2579,10890,1946,68,310
375000,4,2,1703,43560,2004,69,220
274000,3,3,1056,10019,2004,70,259
359999,3,2,1659,4792,2010,71,217
399000,3,2,1176,6098,1935,73,339
485000,4,3,2738,11761,1996,73,177
490000,4,2.5,2516,12632,1962,74,195
279900,3,2,1241,10019,2026,74,226
267707,3,2,864,26136,1965,74,310
627000,4,3.5,2981,10890,2004,74,210
463990,4,3,2460,7405,2026,74,189
315000,4,2,1688,16117,1973,75,187
360000,3,2,1697,9583,2010,75,212
499000,3,2,1794,10454,1946,75,278
269900,3,2,1536,9148,1976,75,176
285000,2,2,1040,3920,1983,76,274
375000,3,2,1291,4356,2012,76,290
359900,4,2.5,1834,9148,1993,77,196
775500,5,3,2506,11326,2015,77,309
370000,4,2,2190,14810,1963,78,169
298900,4,2,1434,7405,1954,79,208
329000,3,2,1618,12197,1959,80,203
439900,5,2,2203,6098,2003,80,200
924900,4,3.5,3137,8172,2025,81,295
484000,3,2,2066,18731,1989,82,234
324500,3,2,1327,10019,2000,83,245
279900,3,2,1323,5227,1994,83,212
305000,3,2,1593,13939,1957,84,191
985000,4,3.5,3655,48352,1997,84,269
418000,3,2.5,1868,3049,2021,84,224
379000,3,2,1607,6098,2003,84,236
257333,3,1.5,1222,9148,1958,85,211
450000,5,3,3282,13068,1955,87,137
849000,4,3.5,2918,19166,1999,87,291
479900,3,2,2233,5663,1997,87,215
490000,4,3.5,2512,7405,2017,88,195
414900,3,2,1667,8712,1988,88,249
550000,4,3,2582,34412,2026,89,213
329900,3,2,1430,7405,2001,89,231
745000,4,3,2536,19602,1957,89,294
489000,4,3,3209,6969,2026,90,152
260000,4,2,1560,12632,1960,91,167
439900,3,2,2097,87991,1977,91,210
675000,4,4.5,2734,3485,2002,92,247
250000,3,2,1056,454,1976,92,237
329000,3,2,1400,12197,1982,93,235
429000,4,2.5,2137,17424,1973,94,201
290000,3,2,1404,20909,1980,94,207
449900,5,3,2556,4792,2019,95,176
798000,6,3.5,4351,26136,1991,96,183
270000,3,2,1512,10454,1976,96,179
386070,4,2,1774,4791,2026,96,218
322000,3,2,1391,9583,1979,97,231
414900,3,2,1987,6098,2026,97,209
359900,4,2,1737,6098,2026,97,207
419900,4,3,2151,6100,2026,97,195
459900,4,2.5,2692,5227,2026,98,171
494900,5,4.5,2802,6534,2026,98,177
409900,3,2,1760,5662,2026,98,233
259900,4,2.5,1404,10454,1958,99,185
345000,3,2,1678,25700,1980,100,206
650000,4,3,2451,9148,2003,101,265
439900,4,2.5,2077,3500,2019,101,212
494000,4,3,2637,8712,2006,102,187
579000,4,3,2428,8712,2007,102,238
365000,3,2,1316,12632,1973,103,277
462000,4,3.5,1997,6098,2026,103,231
484000,6,3.5,3006,9583,2003,103,161
395000,3,2.5,1760,6983,2022,103,224
409000,3,2,1340,4792,1946,104,305
349900,3,2,1904,16553,2000,105,184
849000,3,2,2300,43560,1971,105,369
699999,4,3,2997,12197,2002,106,234
399000,4,3,2127,10019,1997,107,188
449000,3,2,1812,324086,1997,108,248
458990,4,3,2460,7405,2026,108,187
475000,5,3,2412,3485,2020,109,197
355000,3,2,1586,14810,1986,109,224
265000,3,2,1264,4356,1983,110,210
525000,5,3.5,2884,21344,1990,111,182
399900,2,2,1454,43560,1949,111,275
317000,3,2,1696,22216,1957,113,187
700000,4,3,2693,11326,1926,114,260
900000,5,4,3854,36155,1996,114,234
476900,3,2,2177,12197,2001,115,219
475000,4,3,2735,18295,1978,115,174
439999,3,2,2111,14375,1994,115,208
310000,3,2,1415,10019,1972,116,219
449000,4,3,2291,16117,2001,116,196
426070,4,3,2275,6098,2026,117,187
619000,3,2,2195,25265,1990,118,282
735000,4,3.5,3020,21344,2001,118,243
333500,3,2,1347,8712,1996,118,248
305000,3,2,1501,9148,1986,119,203
475000,2,2,1900,217800,1981,122,250
615000,3,2,2236,204732,1978,122,275
430990,5,3,2516,6098,2026,123,171
344900,3,2,1845,17860,1981,124,187
349000,4,2,1910,10890,1995,124,183
289000,3,2.5,1495,4356,2000,125,193
749900,6,3,3625,39204,1968,125,207
350000,3,2,1968,4792,2006,126,178
650000,4,2.5,3422,265716,1972,129,190
419900,3,2,1682,6098,1997,129,250
999900,3,1,1104,609840,1927,130,906
442000,4,2.5,2253,3920,2016,130,196
775000,3,3.5,2661,1306,1999,130,291
414500,3,2.5,1777,6098,2025,132,233
385000,3,2,1410,11761,1975,134,273
270000,2,2,1062,7841,1993,136,254
329900,4,2.5,2198,7405,2016,137,150
800000,5,3,3111,10890,2016,137,257
325000,3,2,1666,8712,1989,137,195
414900,3,2,2330,6534,2013,138,178
415000,3,2,1611,4556,2023,138,258
410000,3,2,1765,8276,1967,140,232
390000,3,2.5,2235,7405,2003,141,174
280000,2,2,1491,4791,1982,141,188
799999,5,4,4123,16800,2007,144,194
433000,5,3,2282,36590,1957,145,190
409900,3,2,1707,4792,1996,146,240
789000,4,3.5,2669,6375,2024,147,296
485000,4,3,2566,17424,1995,149,189
324900,3,2,1920,15246,1967,150,169
269000,3,2,1386,10454,1982,150,194
399999,4,2,2690,22651,1981,152,149
369900,4,2,1737,5662,2026,153,213
300000,2,2,1268,7405,1996,154,237
280000,3,2,1505,9583,1977,154,186
274400,3,1,1240,9583,1941,157,221
595000,4,2.5,2348,14374,1944,157,253
759900,4,3,2944,11761,2001,157,258
749000,3,2.5,2432,11761,1938,157,308
264500,2,2,1200,,1988,159,220
419900,4,2,2008,8712,2002,159,209
394900,4,3,2086,4792,2023,160,189
519900,5,3,3014,54000,1976,161,172
274900,3,1,1176,14810,1949,164,234
630000,2,2,1691,75794,1957,165,373
287900,3,2,1365,19166,1976,165,211
365000,4,2,1923,10019,1964,168,190
757500,4,3,2600,13068,2017,168,291
370000,3,2,1125,10019,1960,171,329
